BRAND NAME,FINAL PRICE,DISCOUNT OFFERED
Classic Attractive Women Handbags,₹620,7% off
Ravishing Alluring Women Handbags,₹384,12% off
Graceful Fancy Women Handbags,₹528,9% off
Ravishing Classy Women Handbags,₹950,5% off
Classic Versatile Women Handbags,₹950,5% off
Voguish Fancy Women Handbags,₹1549,3% off
Graceful Versatile Women Handbags,₹950,5% off
Classic Stylish Women Handbags,₹3202,2% off
Ravishing Fashionable Women Handbags,₹316,14% off
Elegant Classy Women Handbags,₹950,5% off
Elegant Alluring Women Handbags,₹2337,2% off
Graceful Attractive Women Handbags,₹550,8% off
Classic Alluring Women Handbags,₹518,9% off
Elegant Fashionable Women Handbags,₹725,6% off
Trendy Alluring Women Handbags,₹1320,4% off
Trendy Alluring Women Handbags,₹950,5% off
Elegant Classy Women Handbags,₹535,9% off
Trendy Stylish Women Handbags,₹823,6% off
Classic Fancy Women Handbags,₹646,7% off
Classic Versatile Women Handbags,₹550,8% off
